customerID,churn_probability,prediction
7216-EWTRS,0.887852462447396,1
9497-QCMMS,0.8860958234184978,1
9300-AGZNL,0.8851603059172688,1
4424-TKOPW,0.8834937228971772,1
5150-ITWWB,0.8833391286715452,1
5178-LMXOP,0.881604186428423,1
1374-DMZUI,0.8805284340152285,1
7024-OHCCK,0.879962616429711,1
2720-WGKHP,0.8796106241951288,1
8098-LLAZX,0.8738384866460672,1
5567-WSELE,0.8735470871974441,1
8149-RSOUN,0.8656426610416618,1
3068-OMWZA,0.8644947405437587,1
4910-GMJOT,0.8638422374055827,1
5419-JPRRN,0.8626872428882518,1
6861-XWTWQ,0.860941413664185,1
1400-MMYXY,0.8597736356408574,1
6023-YEBUP,0.859673023057521,1
7851-WZEKY,0.8595617907946838,1
4695-WJZUE,0.8592413410035341,1
0295-PPHDO,0.8589260997005723,1
4822-RVYBB,0.858309843373407,1
6496-SLWHQ,0.856458230842712,1
5192-EBGOV,0.8564304041049564,1
5277-ZLOOR,0.8562763004425322,1
8884-ADFVN,0.8559709995608675,1
2545-EBUPK,0.8558588036575148,1
0781-LKXBR,0.8536584717928233,1
1069-XAIEM,0.8534320503942657,1
3049-SOLAY,0.8526839164799861,1
4826-XTSOH,0.8510795782771967,1
3158-MOERK,0.8508657381565043,1
9681-OXGVC,0.8504433585546985,1
1273-MTETI,0.8504152257312124,1
2865-TCHJW,0.8501293310132704,1
9057-SIHCH,0.8496093178856166,1
2012-NWRPA,0.8489963842462913,1
1415-YFWLT,0.8470555061225343,1
2446-BEGGB,0.8432537387379707,1
4750-ZRXIU,0.8421380576377829,1
6630-UJZMY,0.8418023199305047,1
3988-RQIXO,0.841661441876521,1
6350-XFYGW,0.840762914450438,1
7450-NWRTR,0.8405900936685589,1
0107-YHINA,0.8395163545505538,1
9305-CDSKC,0.837983232306187,1
3389-YGYAI,0.8365181554387254,1
6521-YYTYI,0.8365088070839793,1
2660-EMUBI,0.8361877648871737,1
8161-QYMTT,0.8360036051233726,1
4912-PIGUY,0.8323616227519434,1
9546-CQJSU,0.8322416580133948,1
8775-LHDJH,0.8314378019180177,1
4626-GYCZP,0.8301240348691641,1
0021-IKXGC,0.828808415836196,1
1875-QIVME,0.8277124071567334,1
1455-UGQVH,0.8272805326827686,1
2968-SSGAA,0.8267230800250265,1
9282-IZGQK,0.8258837503061011,1
8972-HJWNV,0.825733938070362,1
1724-BQUHA,0.8253232541842015,1
7943-RQCHR,0.8252137218286189,1
1304-NECVQ,0.8235922307276334,1
0259-GBZSH,0.8233459596460828,1
4847-TAJYI,0.822953444429221,1
1833-VGRUM,0.8226060517869614,1
0196-VULGZ,0.8225578889781748,1
6969-MVBAI,0.8225149828139052,1
2656-TABEH,0.8215071707658412,1
4145-UQXUQ,0.8214178500838123,1
8473-VUVJN,0.8207830481765311,1
0723-DRCLG,0.8201004888626701,1
4927-WWOOZ,0.8198639189678569,1
6513-EECDB,0.8193232647913489,1
3551-HUAZH,0.8185075282566452,1
4078-SAYYN,0.817883513922687,1
2205-YMZZJ,0.8177956494383766,1
3319-DWOEP,0.817787712818747,1
3722-WPXTK,0.8177811069394496,1
8603-IJWDN,0.8175984329741994,1
5240-IJOQT,0.8175910452022036,1
1143-NMNQJ,0.8172966591623781,1
4102-OQUPX,0.8167263229224018,1
4988-IQIGL,0.8155930066245367,1
1455-ESIQH,0.8154760402937121,1
7234-FECYN,0.8154707693483145,1
3489-HHPFY,0.8153536427346201,1
0897-FEGMU,0.8150503876140657,1
7577-SWIFR,0.8150123290687068,1
6894-LFHLY,0.8143550488535992,1
8414-MYSHR,0.8143296877313968,1
0970-ETWGE,0.8140822052967263,1
2982-VPSGI,0.8140643716128791,1
0754-UKWQP,0.8139866350075285,1
4548-SDBKE,0.8137861901748845,1
0564-JJHGS,0.8134951819189113,1
3027-ZTDHO,0.8129925049794516,1
6567-HOOPW,0.8128483816200817,1
9134-CEQMF,0.8127886355663277,1
6230-BSUXY,0.812540836045428,1
9248-OJYKK,0.8121732030294707,1
4713-LZDRV,0.8116968797599067,1
8593-WHYHV,0.8113816646080736,1
6474-FVJLC,0.8111171776288263,1
2265-CYWIV,0.8110875242433035,1
1389-CXMLU,0.8110600841685827,1
9965-YOKZB,0.81103045966173,1
7274-RTAPZ,0.8109557424929535,1
8739-XNIKG,0.8108833036746107,1
1624-NALOJ,0.8107599244425697,1
8058-JMEQO,0.8098135094295555,1
8580-AECUZ,0.8095280993048818,1
5383-MMTWC,0.8093980721442527,1
2725-KXXWT,0.8084829182573157,1
7398-SKNQZ,0.8082268570911629,1
4115-NZRKS,0.8079990845158451,1
7488-MXJIV,0.8075368593321933,1
8337-UPOAQ,0.8071458607698015,1
4587-VVTOX,0.8070932244404274,1
0187-QSXOE,0.806599148125149,1
0722-TROQR,0.8052281465108146,1
5380-AFSSK,0.8046881646382382,1
2034-GDRCN,0.804558363401911,1
2462-XIIJB,0.8026279414261224,1
2642-DTVCO,0.8022592952202839,1
7228-OMTPN,0.8019399246421642,1
1197-BVMVG,0.8018906935875811,1
7576-OYWBN,0.801210859253448,1
0697-ZMSWS,0.8011113942038824,1
6015-VVHHE,0.8006227398908469,1
3811-VBYBZ,0.8004293101130394,1
4192-GORJT,0.8000114127260621,1
5519-NPHVG,0.7990782481804585,1
3902-FOIGH,0.7990561033987854,1
6161-UUUTA,0.7989860257467266,1
9611-CTWIH,0.7989244593588466,1
8258-GSTJK,0.7988944072395616,1
5299-SJCZT,0.7987999954972745,1
3643-AHCFP,0.7978860384590146,1
3727-RJMEO,0.7968087808163311,1
7526-BEZQB,0.7959064963303233,1
6108-OQZDQ,0.7934550045191525,1
1579-KLYDT,0.7931453352791763,1
3097-NQYSN,0.7929057029460943,1
3178-FESZO,0.7925718047747395,1
3318-NMQXL,0.7913147874385619,1
2990-HWIML,0.7910546764140621,1
4929-XIHVW,0.7907949522258845,1
4140-MUHUG,0.7899367876380778,1
9231-ZJYAM,0.7898630107116598,1
0655-RBDUG,0.7897439396662298,1
7779-LGOVN,0.7896754654764234,1
4086-YQSNZ,0.7896714716151054,1
4415-IJZTP,0.7894934844337826,1
8382-SHQEH,0.7888950536419425,1
5956-VKDTT,0.7881534176220935,1
6979-ZNSFF,0.7879258537770948,1
8816-VXNZD,0.7874395736408343,1
7181-BQYBV,0.7866915775099236,1
8931-GJJIQ,0.7851614888583546,1
8357-EQXFO,0.7850716171362665,1
7817-BOQPW,0.784485179372411,1
1925-TIBLE,0.7843548302666754,1
6358-LYNGM,0.7841360271827876,1
1157-BQCUW,0.7839622715453652,1
5597-GLBUC,0.7839464182996484,1
9957-YODKZ,0.783716807742906,1
4273-MBHYA,0.7835616845122841,1
2123-AGEEN,0.7835481437043761,1
7120-RFMVS,0.7834904436784083,1
1452-VOQCH,0.7834403968629893,1
9787-XVQIU,0.782743145942821,1
9025-AOMKI,0.7824634678431215,1
3387-VATUS,0.7823859437554688,1
5834-ASPWA,0.7822191443680142,1
2202-CUYXZ,0.782006486099772,1
4951-UKAAQ,0.7818980296245566,1
7503-ZGUZJ,0.7811943250897416,1
5561-NWEVX,0.7807344659956041,1
2609-IAICY,0.7803119663100584,1
1173-XZPYF,0.7800042352794272,1
9944-HKVVB,0.7797448454750603,1
8992-JQYUN,0.7797007037233131,1
9451-LPGOO,0.7794406815556438,1
9223-UCPVT,0.7791686087018582,1
6734-GMPVK,0.7787931192712864,1
8058-INTPH,0.7778735862672844,1
6328-ZPBGN,0.7778511955318549,1
2215-ZAFGX,0.7769773417609108,1
6892-EZDTG,0.7768446663859755,1
5698-BQJOH,0.776663609668668,1
5052-PNLOS,0.7764304212354325,1
6210-KBBPI,0.7763443784003292,1
8740-CRYFY,0.7762513948635701,1
6229-LSCKB,0.7761242285619543,1
3519-ZKXGG,0.7760011262581967,1
9124-LHCJQ,0.7759874586824993,1
5960-WPXQM,0.7758947141726031,1
5494-HECPR,0.7757385052886643,1
4228-ZGYUW,0.7757362582859647,1
4581-SSPWD,0.7755529086757426,1
3006-XIMLN,0.7755276726552716,1
7330-WZLNC,0.7754501960522322,1
3793-MMFUH,0.7754437761593,1
0325-XBFAC,0.7753022492489866,1
2235-DWLJU,0.7751152675690811,1
4060-LDNLU,0.7749597178681238,1
0637-KVDLV,0.7748877340420395,1
1941-HOSAM,0.7747753619988417,1
6688-UZPWD,0.7747117388244283,1
8348-HFYIV,0.774590171069738,1
2514-GINMM,0.7742846503664879,1
1618-CFHME,0.7742163513354371,1
9725-SCPZG,0.774173049361342,1
2691-NZETQ,0.7741342006784686,1
1761-AEZZR,0.7741052494397136,1
3462-BJQQA,0.7739216333859137,1
4952-YSOGZ,0.7737721548496653,1
6857-VWJDT,0.7731720497362335,1
0404-SWRVG,0.7730002120440798,1
2027-FECZV,0.7729989354925222,1
2077-MPJQO,0.7729044090596159,1
2982-IHMFT,0.7727513985486402,1
9300-RENDD,0.7726664083871256,1
9306-CPCBC,0.7726482525569098,1
7209-JCUDS,0.772639906343885,1
1981-INRFU,0.7722149650466235,1
5644-PDMZC,0.7719166176110881,1
0702-PGIBZ,0.7716006575599065,1
7074-IEVOJ,0.7713432817694974,1
3295-YVUSR,0.7713300657596951,1
0495-RVCBF,0.7711425490123687,1
4234-XTNEA,0.7710570849340197,1
4844-JJWUY,0.7709980511334528,1
8779-QRDMV,0.7709480055218063,1
7439-DKZTW,0.7704960431553316,1
4090-KPJIP,0.770150237847508,1
1320-HTRDR,0.7699543596701482,1
7130-VTEWQ,0.7699045092414293,1
9334-GWGOW,0.7690867526893694,1
8087-LGYHQ,0.7689001901861438,1
1450-GALXR,0.7688681396148735,1
8775-ERLNB,0.7688307999927562,1
1567-DSCIC,0.7686670161456512,1
2868-MZAGQ,0.7685743678227822,1
0318-QUUOB,0.7683769827194644,1
8780-IXSTS,0.7677512241649224,1
5419-CONWX,0.7676978384731294,1
2672-HUYVI,0.7672404227402084,1
2737-WFVYW,0.7671224812728953,1
8168-UQWWF,0.7668943237702407,1
9885-CSMWE,0.7666272740744522,1
5229-PRWKT,0.7665612342008365,1
8808-ELEHO,0.76648179559692,1
1200-TUZHR,0.7664297182467862,1
0334-GDDSO,0.7663136252039935,1
3776-EKTKM,0.7660356518253659,1
4614-NUVZD,0.766032027523046,1
8086-OVPWV,0.7659089426803432,1
7294-TMAOP,0.7659009484838543,1
1678-FYZOW,0.765876677312803,1
7206-GZCDC,0.7658391674180154,1
5797-APWZC,0.7657169003313052,1
6860-YRJZP,0.7653045338690323,1
0880-TKATG,0.7652758369252608,1
9837-BMCLM,0.7649133227359074,1
2516-VQRRV,0.7645745339006473,1
2636-ALXXZ,0.7645484865787637,1
8375-DKEBR,0.7645484865787637,1
4871-JTKJF,0.764363702258243,1
5550-VFRLC,0.7636235622394458,1
9061-TIHDA,0.7636029156526007,1
4749-OJKQU,0.763441157124884,1
8000-REIQB,0.7632528908117286,1
2754-SDJRD,0.7631769160550194,1
0220-EBGCE,0.7629508114739201,1
4529-CKBCL,0.7629028284095433,1
2004-OCQXK,0.7628907795710598,1
6457-USBER,0.7628676101969314,1
2506-TNFCO,0.7625772965207882,1
1846-XWOQN,0.7625103457723651,1
1980-KXVPM,0.7624807592813247,1
9605-WGJVW,0.7623244591547037,1
7235-NXZCP,0.7621754224281834,1
5348-CAGXB,0.7621488981220284,1
0094-OIFMO,0.7618978797123969,1
9799-CAYJJ,0.7618353073589462,1
3217-FZDMN,0.7618298463458396,1
5835-BEQEU,0.761379726600257,1
5349-IECLD,0.7613747004289296,1
7341-LXCAF,0.7612721148049232,1
0709-TVGUR,0.761267336925485,1
7548-SEPYI,0.7611923646945412,1
8051-HJRLT,0.7610204507375213,1
8443-ZRDBZ,0.7608904413580714,1
7249-WBIYX,0.760701143210927,1
7613-LLQFO,0.7604448150262509,1
3398-FSHON,0.760314444057406,1
7760-OYPDY,0.7601064010542904,1
8062-YBDOE,0.7600626589545012,1
5539-TMZLF,0.7596881608106367,1
0195-IESCP,0.7596755903094262,1
1075-BGWOH,0.7595262585936039,1
9488-HGMJH,0.7587736127673845,1
9603-OAIHC,0.7585622704445548,1
9878-TNQGW,0.7585243382046116,1
3878-AVSOQ,0.7583977422052168,1
2880-FPNAE,0.7579463150066105,1
9689-PTNPG,0.7577443502263388,1
6357-JJPQT,0.7575030567130031,1
8083-YTZES,0.7570155110928156,1
9239-ZBZZV,0.7563828413376891,1
1363-TXLSL,0.7554210842223282,1
8752-STIVR,0.7552026104958164,1
7493-TPUWZ,0.7549368836102001,1
8622-ZLFKO,0.7544485716645785,1
1704-NRWYE,0.7536892058171285,1
5276-KQWHG,0.7536192883497677,1
3338-CVVEH,0.7532407775637372,1
5804-LEPIM,0.7532169616792576,1
4342-HENTK,0.7531964794602946,1
6168-WFVVF,0.7531155241287854,1
2789-HQBOU,0.7529375625300175,1
1393-IMKZG,0.7528791957020237,1
3292-PBZEJ,0.7527012554045953,1
3320-VEOYC,0.7525179144817281,1
8644-XLFBW,0.7524969880863235,1
2454-RPBRZ,0.7523798589641055,1
4795-KTRTH,0.7515867602350266,1
7668-XCFYV,0.751474115600941,1
7938-OUHIO,0.7511946220027764,1
7273-TEFQD,0.7506593101613797,1
4210-QFJMF,0.7506354865420496,1
9172-ANCRX,0.7503792283503187,1
4112-LUEIZ,0.7500420619289664,1
2612-RRIDN,0.7498466865225891,1
9221-OTIVJ,0.7496799924761798,1
2495-INZWQ,0.7495106610273611,1
4229-CZMLL,0.7494929525652199,1
5357-TZHPP,0.7492472557249243,1
7858-GTZSP,0.74890849129573,1
8245-UMPYT,0.7478170721339069,1
7479-NITWS,0.7476491207099284,1
8242-SOQUO,0.7473751040633094,1
1960-UYCNN,0.7473591277494068,1
8372-JUXUI,0.7470941452075195,1
3045-XETSH,0.7465166731623442,1
0840-DFEZH,0.746295524033232,1
0122-OAHPZ,0.74588462946853,1
7145-FEJWU,0.7458180902222206,1
5935-FCCNB,0.7455321802296857,1
2612-RANWT,0.7455114084423955,1
8541-QVFKM,0.7455062842443824,1
8361-LTMKD,0.7451747202588069,1
2645-QTLMB,0.7451484932161261,1
6711-FLDFB,0.7451253024797537,1
9274-CNFMO,0.7450296184147843,1
5565-FILXA,0.7450179556125253,1
7314-OXENN,0.7448524104638915,1
6356-ELRKD,0.7446745181369214,1
2688-BHGOG,0.7444744730063214,1
2929-ERCFZ,0.7444461382419052,1
7180-PISOG,0.7442450034423287,1
4806-KEXQR,0.7442159230056821,1
6618-RYATB,0.7441601493672403,1
7903-CMPEY,0.7440873757642785,1
2055-PDADH,0.7437743518420672,1
2959-MJHIC,0.7431474200408072,1
6326-MTTXK,0.743141766237485,1
6702-OHFWR,0.7429142325919956,1
7563-BIUPC,0.7420653365581558,1
6941-PMGEP,0.7417081565588278,1
3247-ZVOUO,0.7413282119309605,1
2180-DXNEG,0.7402948775190352,1
0684-AOSIH,0.7402073809161649,1
3422-GALYP,0.7401636083767748,1
0345-HKJVM,0.7398529846499597,1
8185-UPYBR,0.7393222628473924,1
4445-ZJNMU,0.7391869327011683,1
5919-TMRGD,0.7391250832063607,1
4132-KALRO,0.7382128764008872,1
3606-TWKGI,0.7374534209016349,1
8225-BTJAU,0.7374169384129868,1
4706-AXVKM,0.7372777137805218,1
9734-YWGEX,0.7370428521837912,1
6060-DRTNL,0.7370114551248986,1
1977-STDKI,0.7369954698075866,1
7218-HKQFK,0.736197134427777,1
6437-UKHMV,0.7357289671859286,1
5868-YWPDW,0.7354563690487892,1
5167-ZFFMM,0.7353263312639123,1
5168-MSWXT,0.7349802207489143,1
4395-PZMSN,0.7345674547216849,1
6996-KNSML,0.7344789760917002,1
0644-OQMDK,0.7344506850518322,1
0375-HVGXO,0.7341742789441855,1
5288-AHOUP,0.7330795027596716,1
9317-WZPGV,0.7325435727587554,1
7225-CBZPL,0.7324642676897263,1
3276-HDUEG,0.7321436692862743,1
1628-BIZYP,0.7319770264388196,1
4285-GYRQC,0.7319681719423714,1
7044-YAACC,0.731170548110658,1
1564-NTYXF,0.7310460620302933,1
1658-BYGOY,0.730948273913182,1
4282-YMKNA,0.7309253778924052,1
7594-RQHXR,0.7308182084398408,1
3707-GNWHM,0.7307073597457754,1
6960-HVYXR,0.7303567658128438,1
7638-QVMVY,0.7300145104616822,1
3199-XGZCY,0.7299758592377013,1
5378-IKEEG,0.7299472371248368,1
2799-ARNLO,0.729851532125476,1
2777-PHDEI,0.7293843905356336,1
5293-WXJAK,0.7288189257338398,1
2952-QAYZF,0.7287399272575135,1
7402-EYFXX,0.7280904866674259,1
3834-XUIFC,0.7278887500985696,1
2276-YDAVZ,0.7273322286305015,1
7660-HDPJV,0.727091954921777,1
9728-FTTVZ,0.727091954921777,1
4021-RQSNY,0.7270045096767908,1
3030-YDNRM,0.7266872048495139,1
5159-YFPKQ,0.7265625242748565,1
3329-WDIOK,0.7263830175536898,1
2369-UAPKZ,0.72609334897105,1
3621-CEOVK,0.7260401606240118,1
0488-GSLFR,0.7258684549618709,1
0235-KGSLC,0.7257635577904051,1
4806-HIPDW,0.725737808648105,1
3874-EQOEP,0.7257022709272509,1
1569-TTNYJ,0.725641731064544,1
7665-TOALD,0.7254598638892825,1
5445-UTODQ,0.7251683038690991,1
3677-IYRBF,0.7247141070454649,1
8065-YKXKD,0.7242735440155169,1
2761-OCIAX,0.7241453934507769,1
6372-RFVNS,0.7239545869002604,1
6683-VLCTZ,0.7235777065743388,1
0328-GRPMV,0.7234112404928056,1
4702-IOQDC,0.7234112404928056,1
9019-QVLZD,0.7232649095563118,1
7354-OIJLX,0.7229653022541426,1
1251-STYSZ,0.7229602229905635,1
6689-TCZHQ,0.7229374807598977,1
1640-PLFMP,0.7227948155264899,1
3244-DCJWY,0.7227948155264899,1
3716-BDVDB,0.7227691519227669,1
6653-CBBOM,0.7225891524340363,1
4884-ZTHVF,0.7224773591277139,1
0236-HFWSV,0.7222842640434142,1
3370-HXOPH,0.7221449429614277,1
0679-IDSTG,0.7221136883044037,1
7240-ETPTR,0.722068805339777,1
6457-GIRWB,0.7217398385079696,1
3428-XZMAZ,0.7217398385079696,1
0722-SVSFK,0.7216898785097517,1
0925-VYDLG,0.7215887390854805,1
3452-GWUIN,0.7215427270841175,1
5376-DEQCP,0.7213532018673574,1
2026-TGDHM,0.7210906728200529,1
0329-GTIAJ,0.7210337226072752,1
1820-TQVEV,0.7209146991756643,1
6502-MJQAE,0.7207081801866748,1
7254-IQWOZ,0.7205015676253498,1
5429-LWCMV,0.7203249408694713,1
1031-IIDEO,0.7203206655574202,1
2657-VPXTA,0.7202802733801108,1
1447-GIQMR,0.720162582996061,1
0495-ZBNGW,0.7201612432673964,1
4510-HIMLV,0.7198811689606462,1
4603-JANFB,0.719674182563962,1
9804-ICWBG,0.719467102822632,1
5875-YPQFJ,0.719467102822632,1
5542-TBBWB,0.719467102822632,1
8699-ASUFO,0.7192513263050319,1
3049-NDXFL,0.7192199950923889,1
2984-AFWNC,0.719153911258776,1
3091-FYHKI,0.7189509304984109,1
2636-OHFMN,0.71885030108204,1
3494-JCHRQ,0.7188453039910346,1
4566-NECEV,0.7188446951521366,1
4853-OITSN,0.7186093495907718,1
0841-NULXI,0.7185360269304847,1
3317-HRTNN,0.7183888475329687,1
5760-IFJOZ,0.7183832482031015,1
6856-RAURS,0.7182522339181021,1
2446-PLQVO,0.7178071100289166,1
6221-AVQYL,0.7177762232773309,1
2018-QKYGT,0.7177526777575686,1
0916-QOFDP,0.7176925313520807,1
2754-VDLTR,0.7176877753672732,1
7465-ZZRVX,0.7175991922706071,1
0680-DFNNY,0.7172800878637874,1
7409-KIUTL,0.717277650908609,1
9237-HQITU,0.716892755102631,1
1768-ZAIFU,0.7168886343559318,1
9850-OWRHQ,0.7168042901950104,1
7615-ESMYF,0.716561154774791,1
1602-IJQQE,0.716415692086653,1
5442-UTCVD,0.7163369498250418,1
7932-WPTDS,0.7161299405280318,1
5928-QLDHB,0.7160942375762328,1
8800-JOOCF,0.7160850356633994,1
1219-NNDDO,0.7152654630647552,1
7568-PODML,0.7150252467787416,1
4482-EWFMI,0.7145015491828627,1
2897-DOVND,0.7143480173537986,1
1626-ERCMM,0.7140436031812549,1
3191-CSNMG,0.7140110309789329,1
1731-TVIUK,0.7140066066382827,1
6424-ELEYH,0.7139858760981286,1
0822-GAVAP,0.7139179204949162,1
4813-HQMGZ,0.713862857600386,1
3746-EUBYR,0.7137440347943476,1
4143-OOBWZ,0.7136970754013293,1
2737-YNGYW,0.7134931958761105,1
4094-NSEDU,0.7133596499954572,1
7823-JSOAG,0.7129335966091191,1
1465-VINDH,0.712809813243216,1
0023-HGHWL,0.7124681257375453,1
2485-ITVKB,0.712399647883031,1
9391-EOYLI,0.7123198721928505,1
3106-ULWFW,0.7121814079088162,1
6110-OHIHY,0.7121058698649615,1
6275-YDUVO,0.7118235186942351,1
7394-FKDNK,0.7117771870812647,1
9897-KXHCM,0.7116849100461194,1
0306-JAELE,0.7113672152872577,1
9633-XQABV,0.7112763604882555,1
3750-CKVKH,0.7111102531983222,1
7363-QTBIW,0.7111008932640817,1
5393-RXQSZ,0.7106288685255042,1
9717-QEBGU,0.710597803246056,1
3198-VELRD,0.7101214827409065,1
3585-ISXZP,0.7098726325585175,1
8835-VSDSE,0.7098125384625146,1
4633-MKHYU,0.7094170345745264,1
3721-CNEYS,0.7093911132345212,1
5095-AESKG,0.7093668642073421,1
1285-OKIPP,0.7093610641470777,1
8943-URTMR,0.7093116247933281,1
0872-NXJYS,0.708880726848433,1
6435-SRWBJ,0.7087802003987979,1
8413-VONUO,0.7082107683347563,1
5570-PTWEH,0.7079354861346538,1
5299-RULOA,0.7075098351845799,1
7394-LWLYN,0.7069932945644907,1
2867-UIMSS,0.7068156482736767,1
9507-EXLTT,0.7062045871304516,1
6407-UTSLV,0.7060973953548678,1
7198-GLXTC,0.7057292220907503,1
9290-SHCMB,0.7054047554215269,1
9250-WYPLL,0.7052015701426869,1
9547-ITEFG,0.7050855446609067,1
1184-PJVDB,0.7048153851869309,1
0004-TLHLJ,0.7046851044425452,1
3871-IKPYH,0.704674225719093,1
8111-RKSPX,0.7040886162430837,1
7245-NIIWQ,0.7038793665473654,1
5275-SQEIZ,0.7031574870193718,1
3992-YWPKO,0.7031389571749564,1
1016-DJTSV,0.7029416001562914,1
6198-ZFIOJ,0.7026754691985294,1
3957-LXOLK,0.7025307189882772,1
7625-XCQRH,0.7024667929870598,1
7511-YMXVQ,0.70212056434269,1
7321-VGNKU,0.701828661891904,1
1024-VRZHF,0.7017166861428168,1
6877-TJMBR,0.7015697279620375,1
7005-CCBKV,0.7015168689951803,1
8714-CTZJW,0.7013914592148487,1
3999-QGRJH,0.7012757026064157,1
2379-ENZGV,0.701275286617583,1
8183-ONMXC,0.7011186896339321,1
8309-IEYJD,0.7010274932511994,1
2074-GKOWZ,0.7006686115759561,1
6077-BDPXA,0.7005136335086702,1
4735-ASGMA,0.7004134361209342,1
8861-HGGKB,0.70024046540624,1
0685-MLYYM,0.6998097628617046,1
5564-NEMQO,0.6994796585988192,1
6772-KSATR,0.699403912537825,1
2254-DLXRI,0.6992626153827818,1
0390-DCFDQ,0.699165931276128,1
7156-MHUGY,0.6977496440133263,1
2081-VEYEH,0.6976074661048213,1
7994-UYIVZ,0.6974937119467104,1
4123-DVHPH,0.6974690187490362,1
7379-POKDZ,0.6969392420275248,1
4514-GFCFI,0.696904348667436,1
6376-GAHQE,0.6967872834800928,1
6000-APYLU,0.696132116759021,1
7384-GHBPI,0.6961187557080644,1
4854-CIDCF,0.695763329232832,1
9253-QXKBE,0.6952596175272101,1
0137-OCGAB,0.6947112695413474,1
9408-SSNVZ,0.693643785930842,1
5956-YHHRX,0.6934124812071988,1
3138-BKYAV,0.6926337770970722,1
2472-OVKUP,0.6925440289911216,1
0018-NYROU,0.6915527006776487,1
5138-WVKYJ,0.6911995535469692,1
0875-CABNR,0.6910002400342017,1
0928-JMXNP,0.6907890716544308,1
9189-JWSHV,0.6902755235625682,1
8510-AWCXC,0.6897680096792861,1
1342-JPNKI,0.6895735107703755,1
5119-NZPTV,0.6894397519973217,1
9809-IMGCQ,0.6884290010095432,1
1636-NTNCO,0.6880855327208479,1
3765-JXVKY,0.6877125420406092,1
3420-YJLQT,0.6874208418660345,1
0742-NXBGR,0.687401676684633,1
6786-OBWQR,0.6870263725845603,1
0302-JOIVN,0.6869720443479671,1
2013-SGDXK,0.6868937329566401,1
5186-SAMNZ,0.6868843347998064,1
8873-GLDMH,0.6863930456100579,1
9846-GKXAS,0.6857524268189725,1
9050-IKDZA,0.6855576720682632,1
3908-BLSYF,0.6854487799553677,1
3096-GKWEB,0.6848315598326506,1
5955-ERIHD,0.6847798992935211,1
0793-TWELN,0.6845412768112321,1
4274-OWWYO,0.6841477191224825,1
3904-UKFRE,0.6838509607576386,1
1196-AMORA,0.6837504233503586,1
5196-SGOAK,0.683287745278333,1
6615-NGGZJ,0.6831415189597423,1
6918-UMQCG,0.6824811375582607,1
2107-FBPTK,0.6822664218578091,1
9402-ORRAH,0.681819080120853,1
8290-YWKHZ,0.6815423234127226,1
3453-RTHJQ,0.6813636984542787,1
8325-QRPZR,0.6810184656861276,1
2568-BRGYX,0.680539423711792,1
2038-OEQZH,0.6804872667124562,1
0365-BZUWY,0.6802679118246088,1
4550-EVXNY,0.6797522514133014,1
2058-DCJBE,0.6790680377952877,1
6956-SMUCM,0.6790551234060438,1
9696-RMYBA,0.6786330297560289,1
6047-YHPVI,0.6776996596561701,1
8266-VBFQL,0.6776468676585483,1
2408-WITXK,0.6776158424130299,1
6416-TVAIH,0.6771184111112976,1
5339-PXDVH,0.6770959019237694,1
0013-EXCHZ,0.6770337837030068,1
3249-ZPQRG,0.6767633522842096,1
5134-IKDAY,0.6764729918383402,1
3877-JRJIP,0.6763775917476375,1
8276-MQBYC,0.6763544730779089,1
2876-GZYZC,0.676298492499518,1
3372-KWFBM,0.6759051885577197,1
7206-PQBBZ,0.6755624527680554,1
0011-IGKFF,0.6753362682955756,1
9095-HFAFX,0.6751743164899562,1
7029-RPUAV,0.6749452271697165,1
7890-VYYWG,0.6738998108782224,1
5889-LFOLL,0.6734314091572149,1
8945-GRKHX,0.6734038915911998,1
3797-VTIDR,0.6733222163079332,1
8224-DWCKX,0.6732857933762338,1
0432-CAJZV,0.6727873217989482,1
9094-AZPHK,0.6727498608697365,1
4585-HETAI,0.6725993872244446,1
1024-GUALD,0.672446879529262,1
1334-FJSVR,0.672337216750595,1
2024-BASKD,0.6722907502140288,1
4505-EXZHB,0.6720321573978848,1
5673-FSSMF,0.6719968974482218,1
3223-DWFIO,0.6719080262491877,1
4291-SHSBH,0.671842418941532,1
7365-BVCJH,0.6716586284324726,1
1475-VWVDO,0.6716168062942729,1
6137-NICCO,0.6714908496839411,1
9940-RHLFB,0.6714173739658089,1
4770-UEZOX,0.6708421290149064,1
8821-XNHVZ,0.6704130016368604,1
1853-UDXBW,0.6703511953976588,1
5043-TRZWM,0.6702843760947356,1
3074-GQWYX,0.6702626753154832,1
0923-PNFUB,0.6701598740779943,1
1508-DFXCU,0.6696285687229172,1
7912-SYRQT,0.6695200425402165,1
2985-FMWYF,0.66901445258211,1
6339-YPSAH,0.6685394295741937,1
2665-NPTGL,0.668504087537815,1
9514-JDSKI,0.668448335693568,1
7495-OOKFY,0.6684114596524875,1
0506-LVNGN,0.6683530146474073,1
2672-DZUOY,0.6682549644510589,1
5655-JSMZM,0.6681851888401065,1
2674-MIAHT,0.668056006326088,1
2868-SNELZ,0.6677642419532408,1
2260-USTRB,0.6676758333018424,1
2856-HYAPG,0.6674227568964802,1
5701-YVSVF,0.6673580593367114,1
1571-SAVHK,0.666929216390608,1
7693-LCKZL,0.6667164300668766,1
6910-HADCM,0.6666455146382015,1
2969-QWUBZ,0.6664844361334016,1
0871-URUWO,0.6663691588057459,1
3422-LYEPQ,0.6657999482923694,1
8118-LSUEL,0.6657050281516214,1
7028-DVOIQ,0.6657042279400232,1
8380-PEFPE,0.6654892586893784,1
5244-IRFIH,0.6653937721811022,1
3488-PGMQJ,0.6652885127554944,1
3070-DVEYC,0.6652792481266165,1
8485-GJCDN,0.6650013483974195,1
9919-KNPOO,0.6645898128384793,1
3473-XIIIT,0.6644668045735759,1
6400-BWQKW,0.6639949948967049,1
6087-MVHJH,0.6639028249649815,1
5405-ZMYXQ,0.6634390812179773,1
7969-AULMZ,0.6634136234413219,1
7079-QRCBC,0.6633227443219454,1
1010-DIAUQ,0.6630317749312035,1
8875-AKBYH,0.6627568739868804,1
6543-XRMYR,0.6627310255355284,1
9840-DVNDC,0.6625854863838795,1
8035-PWSEV,0.6625784085444251,1
2357-COQEK,0.66240289596442,1
7480-QNVZJ,0.6623418014583456,1
0258-NOKBL,0.6613992639344749,1
8999-BOHSE,0.6613312645822117,1
0746-JTRFU,0.6608012222279097,1
2262-SLNVK,0.6607842662017617,1
3841-CONLJ,0.6605242044695618,1
1254-IZEYF,0.6601530054951146,1
7508-MYBOG,0.6599182375170615,1
9444-JTXHZ,0.6593625021221682,1
1448-PWKYE,0.6593136279619707,1
0947-IDHRQ,0.6592888745592651,1
3066-RRJIO,0.6591400174525397,1
7908-QCBCA,0.6589925096839501,1
6347-DCUIK,0.6589606666733534,1
1915-IOFGU,0.6589416385279679,1
5027-QPKTE,0.658744351887247,1
7571-YXDAD,0.6586691548252137,1
4958-XCBDQ,0.6585561995929982,1
1867-BDVFH,0.6585346019925687,1
5271-DBYSJ,0.6584437678383094,1
9985-MWVIX,0.658217153698056,1
2619-WFQWU,0.658217153698056,1
3801-HMYNL,0.6581942554451972,1
3420-ZDBMA,0.6579463965754244,1
5382-SOYZL,0.6576747894342552,1
5569-KGJHX,0.6576050965048011,1
2800-VEQXM,0.6575056128092491,1
6338-AVWCY,0.6572639851924466,1
7072-MBHEV,0.6571178290002062,1
5685-IIXLY,0.6569666596750998,1
0411-EZJZE,0.6566399624505881,1
2272-QAGFO,0.6566390398372078,1
8734-DKSTZ,0.6561980637321516,1
7153-OANIO,0.6561397850261569,1
7538-GWHML,0.6561222445608462,1
2815-CPTUL,0.6559308437407473,1
0581-BXBUB,0.6558746972225448,1
6851-WEFYX,0.6557421273882459,1
3318-OSATS,0.6557049553165886,1
5032-MIYKT,0.6556731098492886,1
0455-XFASS,0.6556188701239697,1
6705-LXORM,0.6556076346918376,1
3296-SILRA,0.6555717702677566,1
6892-XPFPU,0.6553921069896645,1
3440-JPSCL,0.6553616169084905,1
0968-GSIKN,0.6552095907269596,1
3177-LASXD,0.655010121570713,1
0508-OOLTO,0.654790399906058,1
8617-ENBDS,0.6547492359112274,1
9741-YLNTD,0.6544345175180953,1
4759-TRPLW,0.6540529640862507,1
7854-FOKSF,0.65370674867058,1
0612-RTZZA,0.6532597738096453,1
5583-SXDAG,0.6532073385603075,1
9494-MRNYX,0.6530453778999527,1
5318-IXUZF,0.6529074445578017,1
4298-OYIFC,0.6526167009939132,1
0196-JTUQI,0.6526112378661039,1
2809-ZMYOQ,0.652377040356978,1
5995-SNNEW,0.652113332708698,1
9330-IJWIO,0.6519612073342984,1
8063-GBATB,0.6516013156156844,1
5233-GEEAX,0.6510201422584083,1
5652-MSDEY,0.6509825129178913,1
2959-FENLU,0.6509800166553636,1
3393-FMZPV,0.6509515260493953,1
9617-INGJY,0.6507624155424648,1
5923-GXUOC,0.6507108831292218,1
5879-SESNB,0.6506538807403381,1
6127-ISGTU,0.6504374685447991,1
6100-QQHEB,0.6502064235395655,1
3050-GBUSH,0.6499842112801326,1
2905-KFQUV,0.6497818612754158,1
8650-RHRKE,0.6493507437456556,1
5442-BHQNG,0.6492083823285423,1
0225-ZORZP,0.6491565098180871,1
3001-UNBTL,0.6490381941197617,1
1078-TDCRN,0.6488794326516965,1
1496-GGSUK,0.6487974432899573,1
7598-UAASY,0.6484246027492507,1
0661-XEYAN,0.6483296327414004,1
4277-PVRAN,0.6476714899242086,1
5399-ZIMKF,0.6474537060714581,1
8042-JVNFH,0.647255899177665,1
6993-OHLXR,0.64724665832885,1
9185-TQCVP,0.6471462104975115,1
6595-YGXIT,0.6469853453228736,1
1907-UBQFC,0.6467578448477294,1
3565-UNOCC,0.6466419130295188,1
4598-XLKNJ,0.6465516941096598,1
6140-QNRQQ,0.646318124567596,1
6502-HCJTI,0.6461833988691156,1
0420-HLGXF,0.6461476176160557,1
0616-ATFGB,0.6460743720039434,1
6712-OAWRH,0.6457501041881119,1
6029-WTIPC,0.6455073917238923,1
2754-XBHTB,0.6453201556921909,1
6086-ESGRL,0.6450508956348316,1
0135-NMXAP,0.6446628106314805,1
5883-GTGVD,0.6444532926429755,1
3669-LVWZB,0.6439226494458351,1
6198-RTPMF,0.6435773436246145,1
4450-DLLMH,0.6434819068495414,1
8868-WOZGU,0.643404996600519,1
3855-ONCAR,0.6433557999561746,1
7517-LDMPS,0.643041633451275,1
9360-OMDZZ,0.6430298687880861,1
5482-PLVPE,0.6427111934786124,1
5949-XIKAE,0.6425820437285023,1
1689-YQBYY,0.642479705571439,1
2135-DQWAQ,0.642424762585765,1
3254-YRILK,0.6423597826550852,1
1195-OIYEJ,0.6422820629912167,1
9367-WXLCH,0.6418396348768483,1
9685-WKZGT,0.6415847818111456,1
2430-USGXP,0.6411689507020515,1
2371-JQHZZ,0.6411102739085882,1
8676-TRMJS,0.640934252985711,1
4480-QQRHC,0.6408889602733183,1
4919-IKATY,0.6407612429180822,1
5712-PTIWW,0.6404581936953284,1
3990-QYKBE,0.6403877844220397,1
5261-QSHQM,0.6403132423848238,1
4597-NUCQV,0.6403074774629898,1
5832-XKAES,0.6402604105123132,1
2482-CZGBB,0.6401087781745455,1
6496-JDSSB,0.6399149871865399,1
1658-TJVOA,0.639480803780842,1
1740-CSDJP,0.6394228984248388,1
9912-GVSEQ,0.6393992020253964,1
1583-IHQZE,0.6392481423916376,1
2845-HSJCY,0.6381270396788806,1
8443-WVPSS,0.6380047030862859,1
8270-RKSAP,0.6374942330605978,1
5669-SRAIP,0.6372493400825472,1
5091-HFAZW,0.6371976123002574,1
4815-GBTCD,0.6371931683975375,1
8263-JQAIK,0.6371684582381569,1
6680-WKXRZ,0.6371128894720947,1
8739-WWKDU,0.6370718897299532,1
0231-LXVAP,0.6368034062581539,1
3797-FKOGQ,0.6366849779729782,1
9399-APLBT,0.6363260478097219,1
8433-WXGNA,0.6361799525903392,1
0772-GYEQQ,0.636031559884587,1
4299-SIMNS,0.6359803952735634,1
4029-HPFVY,0.635833446506344,1
8107-KNCIM,0.635587431098345,1
5976-JCJRH,0.6353957305226159,1
4983-CCWMC,0.6352507924071896,1
3411-WLRSQ,0.6350469097016188,1
6005-OBZPH,0.6347877769980127,1
5931-FLJJF,0.6346539452014441,1
6986-IXNDM,0.6342742507665284,1
7831-QGOXH,0.6333824557109503,1
6583-KQJLK,0.6331775867780046,1
2397-BRLOM,0.6331692056456067,1
3629-ZNKXA,0.6329214144477355,1
6215-NQCPY,0.6326659292251688,1
7928-VJYAB,0.6325670959004369,1
8922-LIEGH,0.6321051633580067,1
6432-TWQLB,0.6317252346589673,1
6899-PPEEA,0.6317094567345766,1
7590-VHVEG,0.6313558059699369,1
7379-FNIUJ,0.6311642915077159,1
9576-ANLXO,0.6311462392117682,1
5480-HPRRX,0.6309983348621909,1
8481-YYXWG,0.6308782489380659,1
9796-BPKIW,0.6306188960647457,1
7321-PKUYW,0.6305385352451338,1
5054-IEXZT,0.6304915700025877,1
7284-BUYEC,0.6304720528527628,1
8397-MVTAZ,0.6302385106105891,1
3916-NRPAP,0.6300382932132655,1
4763-PGDPO,0.629791471208103,1
9279-CJEOJ,0.6295416534465854,1
6116-RFVHN,0.6294013345275239,1
5649-ANRML,0.6285178883166157,1
2984-MIIZL,0.6284206835084786,1
1866-RZZQS,0.6276554860877417,1
6101-IMRMM,0.6276146446791127,1
7392-YYPYJ,0.627590738105948,1
7295-JOMMD,0.6275665433767682,1
5366-IJEQJ,0.6275649378362596,1
4636-QRJKY,0.627409458254266,1
4059-IIEBK,0.6272951345433634,1
4439-JMPMT,0.6270317057546951,1
5729-KLZAR,0.6266762660168306,1
0812-WUPTB,0.6263836041851975,1
6379-RXJRQ,0.6263131415092961,1
0315-LVCRK,0.6260462391910969,1
2575-GFSOE,0.6255700072572211,1
0939-YAPAF,0.6251107187929864,1
5609-CEBID,0.6247552443095509,1
3496-LFSZU,0.6245224961480019,1
6715-OFDBP,0.6240004637022423,1
2608-BHKFN,0.6235041146088792,1
7901-TBKJX,0.623417852321823,1
5117-IFGPS,0.6233906013187445,1
6646-VRFOL,0.6232584225638934,1
6923-JHPMP,0.6232353136396342,1
3966-HRMZA,0.6229989785111286,1
4971-PUYQO,0.6229738588727877,1
9840-EFJQB,0.6229234500229232,1
8132-YPVBX,0.622405410883389,1
2424-WVHPL,0.6218865067155197,1
2460-NGXBJ,0.6218642877240673,1
2325-NBPZG,0.6212761574370563,1
8313-NDOIA,0.6210898613816741,1
7952-OBOYL,0.6210492225925744,1
2845-AFFTX,0.6208161333597655,1
9565-DJPIB,0.6207532468915555,1
9121-PHQSR,0.6206954797157462,1
0388-EOPEX,0.6206114357844638,1
2862-PFNIK,0.620457489118499,1
4290-BSXUX,0.6199527499351026,1
6030-REHUX,0.6198135503154343,1
9314-IJWSQ,0.6193839919732517,1
9647-ERGBE,0.6189547080996928,1
3223-WZWJM,0.6189422872623473,1
4572-DVCGN,0.6187551003064806,1
9894-EZEWG,0.6187222670164972,1
0727-IWKVK,0.6185190341049839,1
8648-PFRMP,0.6184734648704361,1
1513-XNPPH,0.6184051974930059,1
7089-IVVAZ,0.6180105069705878,1
2840-XANRC,0.6179711803660899,1
0219-YTZUE,0.6176320706845434,1
8937-RDTHP,0.6176311003611489,1
7242-QZLXF,0.6175532415824533,1
0378-TOVMS,0.6175370126405182,1
0576-WNXXC,0.6172836517878917,1
0946-CLJTI,0.6171058875414475,1
6175-IRFIT,0.6167953680699452,1
2439-LYPMQ,0.6167214586673925,1
7714-YXSMB,0.6165247105305977,1
0248-IPDFW,0.6161263984302787,1
8949-JTMAY,0.6160208838270206,1
7595-EUIVN,0.6159078887828289,1
8104-OSKWT,0.6158330354559898,1
6212-ATMLK,0.6157794277761158,1
7802-EFKNY,0.6156437438675816,1
0330-IVZHA,0.6146907991693208,1
5520-FVEWJ,0.6146093027885153,1
4822-YCXMX,0.6144378559900957,1
7326-RIGQZ,0.614160226098727,1
1268-ASBGA,0.6141538091335448,1
7892-POOKP,0.6140077741459058,1
4412-YLTKF,0.6139216520439561,1
5216-WASFJ,0.6136931245740282,1
4817-VYYWS,0.6134051113162516,1
8625-AZYZY,0.6133091916043562,1
2079-FBMZK,0.6132743289716704,1
1666-JXLKU,0.613041377423335,1
1891-UAWWU,0.6129015528123916,1
3001-CBHLQ,0.6128154255344921,1
9734-UYXQI,0.6127421417906782,1
1965-AKTSX,0.6124883083009482,1
2786-GCDPI,0.6123661597232543,1
8637-XJIVR,0.6122511391157811,1
4137-BTIKL,0.611687307933819,1
4039-HEUNW,0.6116638790220037,1
0689-NKYLF,0.6108228804601971,1
2568-OIADY,0.6104934485669143,1
1077-HUUJM,0.6104081235752151,1
3748-FVMZZ,0.6103222810771753,1
2740-TVLFN,0.6102543339235947,1
4631-OACRM,0.6101927216261057,1
5937-EORGB,0.6101501774800884,1
1086-LXKFY,0.609905847757217,1
6331-EWIEB,0.6090743253894221,1
8519-IMDHU,0.6087943839256189,1
7767-UXAGJ,0.6087888613658615,1
9773-PEQBZ,0.6086926879757845,1
9227-LUNBG,0.6084181195750926,1
4257-GAESD,0.6078094396021648,1
8981-FJGLA,0.6074860690647961,1
4369-HTUIF,0.6074283811712661,1
0148-DCDOS,0.6074036928222998,1
2041-JIJCI,0.6069493937701912,1
3376-BMGFE,0.6067293812605196,1
9921-ZVRHG,0.6066933988015537,1
7176-WIONM,0.6065098949097084,1
2761-XECQW,0.6063930785215367,1
6645-MXQJT,0.6058414687214025,1
4817-QRJSX,0.6058184778103679,1
2080-GKCWQ,0.6053555021320083,1
4195-NZGTA,0.6052351611999159,1
4283-FUTGF,0.6051331639510018,1
6507-ZJSUR,0.6049901641471923,1
0168-XZKBB,0.6048615856072304,1
4998-IKFSE,0.6046442930329877,1
4367-NHWMM,0.6044650719280789,1
5364-XYIRR,0.6034985802068733,1
6032-IGALN,0.6034832280856337,1
3538-WZPHD,0.6033893905405597,1
7537-RBWEA,0.6032376364524112,1
5219-YIPTK,0.6030709451272471,1
0674-EYYZV,0.6027402146898232,1
1226-IENZN,0.6026041233113262,1
3663-MITLP,0.60226969004808,1
7410-YTJIK,0.6022459564570285,1
7318-EIVKO,0.6018965859449247,1
7056-IMHCC,0.6014427330066198,1
9136-ALYBR,0.6009942696079142,1
0958-YHXGP,0.600790737991031,1
2685-SREOM,0.6006821156488411,1
0515-YPMCW,0.6004696239834976,1
1062-LHZOD,0.6003121222584211,1
5842-POCOP,0.6001671475352617,1
8111-SLLHI,0.5998179755131761,1
1771-OADNZ,0.599694096208881,1
1112-CUNAO,0.5996736216328407,1
4547-KQRTM,0.5995177488674005,1
4629-NRXKX,0.5991425765093406,1
1028-FFNJK,0.5990517178070331,1
2187-PKZAY,0.5987269755891744,1
4385-GZQXV,0.5985104044955267,1
5519-YLDGW,0.5983643677537258,1
0480-BIXDE,0.5981316817576711,1
2920-RNCEZ,0.598032037750841,1
4013-UBXWQ,0.5976644278862316,1
2034-CGRHZ,0.5971089093431545,1
1122-JWTJW,0.5966130518005224,1
8128-YVJRG,0.5964708356342936,1
5183-SNMJQ,0.5963390846513282,1
6393-WRYZE,0.5961663766511998,1
5167-GBFRE,0.5959834035414519,1
7861-UVUFT,0.5958895324032315,1
4910-AQFFX,0.5957861950110822,1
4236-UJPWO,0.5956741141035204,1
5959-BELXA,0.5954329183011431,1
9208-OLGAQ,0.5948350223196781,1
4484-GLZOU,0.5947692153379343,1
7426-RHZGU,0.5947291416163437,1
9747-DDZOS,0.5941234553197681,1
6833-JMZYP,0.5937018507912094,1
8010-EZLOU,0.5931003198062541,1
3186-BAXNB,0.593052728002594,1
7786-WBJYI,0.5928047084464563,1
1104-TNLZA,0.5927948456720341,1
7780-OTDSO,0.5923878106227358,1
9606-PBKBQ,0.5923634436615105,1
4110-PFEUZ,0.5921882752347276,1
3597-MVHJT,0.5919777852411339,1
3751-KTZEL,0.5918187855883941,1
3346-BRMIS,0.5917905136644434,1
6260-ONULR,0.5917470695134076,1
6818-DJXAA,0.5910938473066759,1
1309-BXVOQ,0.5908787573320073,1
4919-MOAVT,0.59033766872275,1
5628-FCGYG,0.590322512207212,1
1641-RQDAY,0.5902370563886535,1
1746-TGTWV,0.590098403328627,1
6651-AZVTJ,0.5900905951148968,1
3063-QFSZL,0.5900048198799761,1
4062-HBMOS,0.5898624004774617,1
0876-WDUUZ,0.5898110629453397,1
0396-YCHWO,0.5897706590509401,1
9822-OAOVB,0.589756555105259,1
1271-SJBGZ,0.5895538195158874,1
8990-ZXLSU,0.5895395009890897,1
8709-KRDVL,0.5892613932231937,1
5605-IYGFG,0.5885440365672335,1
4441-NIHPT,0.588531797703176,1
7881-EVUAD,0.5884167511100094,1
6267-DCFFZ,0.5882422582449711,1
8118-TJAFG,0.5879642042721347,1
9191-MYQKX,0.5878935114266947,1
2025-JKFWI,0.587743288566791,1
5884-GCYMI,0.5871913345669417,1
8160-HOWOX,0.5864540953745351,1
1428-GTBJJ,0.5862642171470268,1
3583-EKAPL,0.5862450319747176,1
0519-XUZJU,0.58622703440222,1
1212-GLHMD,0.5861704961841793,1
3317-VLGQT,0.5859248310974422,1
5909-ECHUI,0.5857781786856526,1
5385-SUIRI,0.5856954751883293,1
3640-PHQXK,0.5856758655551317,1
0151-ONTOV,0.5854800614324182,1
5889-JTMUL,0.5853081731968416,1
5501-TVMGM,0.5849998741691912,1
0023-XUOPT,0.5847514772987483,1
9638-JIQYA,0.5847430811867061,1
2057-ZBLPD,0.5846410478514428,1
0511-JTEOY,0.5844834862994824,1
8040-MNRTF,0.5844834862994824,1
1766-GKNMI,0.5842996382136261,1
3951-NJCVI,0.5842937627473721,1
0940-OUQEC,0.5842228330520003,1
4009-ALQFH,0.5841534834429598,1
8017-LXHFA,0.5829459662269906,1
5044-LRQAQ,0.5827740326722508,1
1792-UXAFY,0.5824749858558333,1
9907-SWKKF,0.582353758661327,1
4124-MMETB,0.5820687812354658,1
0674-DGMAQ,0.5816759262119658,1
5380-WJKOV,0.5816644572814818,1
6900-PXRMS,0.5814174777782288,1
3753-TSEMP,0.5814093457082261,1
4822-NGOCH,0.5812266568452608,1
5940-AHUHD,0.5812087060936839,1
7315-WYOAW,0.5810187641648633,1
0928-XUTSN,0.5809933037982395,1
3627-FCRDW,0.5808839403483161,1
9540-JYROE,0.5807883492496366,1
0139-IVFJG,0.580641085093562,1
5692-ICXLW,0.5804498002767929,1
4587-NUKOX,0.5803180926025537,1
1391-UBDAR,0.580223643890563,1
9093-FPDLG,0.5801926422400718,1
5747-PMBSQ,0.5799564087327559,1
4484-CGXFK,0.5798740111830676,1
8404-GFGCZ,0.5797789073078154,1
8610-WFCJF,0.5787077746823204,1
9355-NPPFS,0.5785025596484755,1
8008-HAWED,0.578403654009156,1
4559-UWIHT,0.5781957625260514,1
0524-IAVZO,0.5781661522638797,1
9743-DQKQW,0.5780568596645059,1
5533-NHFRF,0.5778752761033296,1
9190-MFJLN,0.5777222190900789,1
0817-HSUSE,0.5776111920019759,1
2373-NTKOD,0.5774017802888316,1
2774-LVQUS,0.5769042507520643,1
9600-UDOPK,0.5767828400363517,1
7603-USHJS,0.5766535038943597,1
9430-FRQOC,0.5763761626686021,1
9102-IAYHT,0.5762529578838008,1
6330-JKLPC,0.576093439508753,1
5759-RCVCB,0.57608729817902,1
2080-CAZNM,0.5759463452767162,1
2860-RANUS,0.5759239957017579,1
8687-BAFGU,0.5758739603012174,1
9992-RRAMN,0.5757240937007286,1
4501-EQDRN,0.5755403564304084,1
2592-SEIFQ,0.57537753204436,1
8993-PHFWD,0.5751325754258068,1
0224-RLWWD,0.5750421695702401,1
5130-IEKQT,0.5748914672879479,1
0988-JRWWP,0.5748739046066319,1
9436-ZBZCT,0.5736925038165618,1
3336-JORSO,0.5732843992047343,1
4030-VPZBD,0.5730243390121118,1
3588-WSTTJ,0.5729284042403059,1
5228-EXCET,0.5727288833759476,1
8120-JDCAM,0.5727090184526971,1
2018-PZKMU,0.5724468901436469,1
9874-QLCLH,0.5724337819307702,1
3754-DXMRT,0.5719706482447142,1
2468-SJFLM,0.5718235851324907,1
1335-NTIUC,0.5716074936140028,1
5650-VDUDS,0.5714612086403746,1
2656-FMOKZ,0.5709398237364411,1
4398-HSCJH,0.5708449483422976,1
2919-HBCJO,0.5707645178869308,1
0778-NELLA,0.5707306822634328,1
4512-ZUIYL,0.570631930505239,1
5331-RGMTT,0.5704691846458965,1
6235-VDHOM,0.5704318250428547,1
2398-YPMUR,0.5704059543934996,1
6331-LWDTQ,0.5692374431358911,1
4816-JBHOV,0.5691969208848937,1
1751-NCDLI,0.5686284375331967,1
0221-WMXNQ,0.5685311904797431,1
3427-GGZZI,0.5683820366354718,1
6103-BOCOU,0.5683370421768685,1
5028-GZLDO,0.5677891555993095,1
8621-MNIHH,0.5675194317497128,1
6166-ILMNY,0.5675188902077436,1
4301-VVZKA,0.5671444852843193,1
8417-FMLZI,0.5661479405826,1
5599-HVLTW,0.5659514879820282,1
1262-OPMFY,0.5658945730557853,1
1989-PRJHP,0.565860489112891,1
6907-NZZIJ,0.5657836843648881,1
4902-OHLSK,0.565734204884729,1
5960-MVTUK,0.5653595448277121,1
1379-FRVEB,0.5651330294242493,1
8182-BJDSI,0.5644045233562323,1
4612-SSVHJ,0.5639462626603092,1
8634-MPHTR,0.5636043435388193,1
3717-OEAUQ,0.5635867409788925,1
4325-NFSKC,0.5635819142251687,1
7351-KYHQH,0.5635046327514852,1
7801-KICAO,0.5634550911391365,1
5908-QMGOE,0.5633393815292983,1
2114-MGINA,0.5632526831662457,1
8837-VVWLQ,0.562450933227696,1
7783-YKGDV,0.56241732241007,1
5647-FXOTP,0.5622335311232229,1
0125-LZQXK,0.5621438041694522,1
4433-JCGCG,0.5621383752062609,1
4236-XPXAV,0.5618726365647355,1
6032-KRXXO,0.5615083454983859,1
7142-HVGBG,0.561482090011127,1
6178-KFNHS,0.5611911511428589,1
6583-QGCSI,0.5610766755337162,1
3672-YITQD,0.5607975025964053,1
9415-DPEWS,0.5605524031680654,1
0529-ONKER,0.5604447979476367,1
3235-ETOOB,0.5604129693645767,1
0886-QGENL,0.5601609560123757,1
8436-BJUMM,0.5601522078485633,1
1264-BYWMS,0.5600851637830422,1
8778-LMWTJ,0.5600009647373747,1
3196-NVXLZ,0.5599581218972186,1
7020-OZKXZ,0.5598268181228615,1
9572-WUKSB,0.5597712715568406,1
7748-UMTRK,0.5597542356087896,1
1399-UBQIU,0.5596560099263379,1
6402-ZFPPI,0.5595956055802789,1
2696-NARTR,0.559548447513079,1
5543-QDCRY,0.5581252897275618,1
2675-DHUTR,0.5580660858241171,1
2252-ISRNH,0.5578829694539493,1
8445-DNBAE,0.5578362782720384,1
0899-LIIBW,0.5575710530227107,1
5606-AMZBO,0.5574089014892801,1
9903-LYSAB,0.5571068492681083,1
1320-REHCS,0.5561814821795364,1
4349-GFQHK,0.5552885853536078,1
6652-YFFJO,0.5551381290706597,1
5569-OUICF,0.554959977887258,1
5144-TVGLP,0.5549499075002746,1
4536-PLEQY,0.5546820473572092,1
7137-RYLPP,0.5543051823832245,1
9801-GDWGV,0.5538453487499961,1
4741-WWJQZ,0.5535102211236695,1
3914-FDRHP,0.5533269612660455,1
5442-XSDCW,0.5531591675761877,1
6994-KERXL,0.5529938488272294,1
3550-SAHFP,0.5528429622561741,1
8640-SDGKB,0.5525950646188427,1
2739-CACDQ,0.5525080651267636,1
2082-OJVTK,0.552443661501008,1
2309-OSFEU,0.5523788557607333,1
1302-UHBDD,0.5516909188265424,1
5947-SGKCL,0.5513982754340606,1
9050-QLROH,0.5513714578745577,1
2501-XWWTZ,0.551246337842991,1
4873-ILOLJ,0.550863695073066,1
0749-IRGQE,0.5508264084873803,1
1522-VVDMG,0.5504989134561864,1
2187-LZGPL,0.5504282866985671,1
4521-YEEHE,0.5504143090847673,1
9851-KIELU,0.5503622026390237,1
3866-MDTUB,0.5498585427223416,1
6778-YSNIH,0.5490815354933207,1
7895-VONWT,0.5489394223470129,1
4729-XKASR,0.5487965166138754,1
3545-CNWRG,0.5487883772425248,1
7853-OETYL,0.5487356676365676,1
5022-KVDQT,0.5484042937226425,1
4718-DHSMV,0.5483129441237203,1
1565-RHDJD,0.5482878940105501,1
3143-JQEGI,0.5481096848843913,1
9129-UXERG,0.5480309029189739,1
9054-FOWNV,0.5479621822130448,1
2694-CIUMO,0.5479185429298026,1
5940-NFXKV,0.5473911160294843,1
5215-LNLDJ,0.5471225444909685,1
9278-VZKCD,0.5469852383899095,1
0115-TFERT,0.5464518881432179,1
5590-BYNII,0.5459358363449572,1
4803-AXVYP,0.5457024213693435,1
5760-FXFVO,0.5454190594031945,1
4686-UXDML,0.5453648811197895,1
3768-NLUBH,0.5452144421680863,1
2091-RFFBA,0.5450310113167686,1
4647-MUZON,0.5449707050891862,1
0895-DQHEW,0.5447331613452827,1
9172-JITSM,0.5445204362460034,1
1236-WFCDV,0.5443474515168559,1
9961-JBNMK,0.544219261544844,1
3791-LGQCY,0.5438365246442427,1
3671-SHRSP,0.5435235393164449,1
9048-JVYVF,0.5431592726998353,1
3703-KBKZP,0.5424862577137664,1
3737-GCSPV,0.5423429608926144,1
3088-LHEFH,0.5419674240397259,1
4749-VFKVB,0.5419209207107287,1
2983-ZANRP,0.5414927182008636,1
0637-YLETY,0.541410375013831,1
3771-PZOBW,0.5413057019688607,1
8818-DOPVL,0.541236920044687,1
3005-NFMTA,0.5412194227544902,1
7481-ATQQS,0.5407591480124807,1
1624-WOIWJ,0.5406680212614047,1
6088-BXMRG,0.5404865144555646,1
0927-LCSMG,0.5403749429171618,1
2154-KVJFF,0.5402242337131898,1
3644-QXEHN,0.5401282769222812,1
6599-SFQVE,0.5387956769240088,1
0570-BFQHT,0.5386589891482749,1
9601-BRXPO,0.5385457140560671,1
9133-AYJZG,0.5382992737278065,1
5899-MQZZL,0.5381737709378978,1
9524-EGPJC,0.5380475781654968,1
0504-HHAPI,0.5375478455697453,1
6959-UWKHF,0.5365464807829822,1
1035-IPQPU,0.536464192583146,1
4855-SNKMY,0.5363231384755142,1
6608-QQLVK,0.5361866242795074,1
7442-YGZFK,0.5354496210325834,1
4881-JVQOD,0.5351140304424772,1
6559-PDZLR,0.5350717296759674,1
9895-VFOXH,0.5348713068636198,1
2504-DSHIH,0.5347496418498775,1
5143-EGQFK,0.5347451460003904,1
0378-NHQXU,0.5346463460408252,1
9620-ENEJV,0.5346230786052382,1
6821-BUXUX,0.5345834654356422,1
6034-YMTOB,0.5343346224861454,1
8374-XGEJJ,0.5339645445045151,1
8584-KMVXD,0.5338279136424262,1
8642-GVWRF,0.5337430350494827,1
3714-NTNFO,0.5336204866292114,1
4929-BSTRX,0.5335525388546523,1
1932-UEDCX,0.5330313273872905,1
1597-LHYNC,0.532662086559305,1
5108-ADXWO,0.5322223742734933,1
0337-CNPZE,0.5321572847320003,1
3096-IZETN,0.5319668498968303,1
2344-JMOGN,0.5319513020422534,1
2933-FILNV,0.5318699255443062,1
6637-KYRCV,0.5316023423129733,1
4581-LNWUM,0.5311906787804473,1
8260-NGFNY,0.5307841424976815,1
7734-DBOAI,0.5307782006593529,1
6048-QBXKL,0.5305387442120754,1
0114-PEGZZ,0.530215712462367,1
9851-QXEEQ,0.5302134821150937,1
5077-DXTCG,0.5301931361033814,1
0818-OCPZO,0.5298517413680341,1
0147-ESWWR,0.5298435398267353,1
6352-TWCAU,0.5294927766324491,1
4840-ORQXB,0.529376384308674,1
4184-TJFAN,0.5291400200705264,1
3439-GVUSX,0.5289627630580586,1
8356-WUAOJ,0.5287512706958928,1
8063-RJYNF,0.5285661165883851,1
8878-HMWBV,0.5284492923306726,1
4583-PARNH,0.528443029178968,1
6128-CZOMY,0.5284034183249166,1
4077-CROMM,0.5282568533259824,1
5934-RMPOV,0.5281217732742698,1
9643-AVVWI,0.5281036076834277,1
9842-EFSYY,0.5280035298042371,1
3799-ISUZQ,0.5279986079464507,1
0491-KAPQG,0.5279811217601199,1
2386-LAHRK,0.5278978008580796,1
7404-JLKQG,0.5276440750637561,1
7851-FLGGQ,0.5276306041090751,1
3003-CMDUU,0.527487851758102,1
7534-BFESC,0.527422198263278,1
8212-DJRCH,0.5272748596339932,1
4373-VVHQL,0.5270926721483159,1
8705-WZCYL,0.5268368631750663,1
3211-AAPKX,0.5264717256270716,1
6988-CJEYV,0.5264409492798854,1
0027-KWYKW,0.5264403428161928,1
3334-CTHOL,0.5264026656800818,1
6319-IEJWJ,0.5262129268803717,1
8337-MSSXB,0.5259084300529191,1
6692-UDPJC,0.5256068520433812,1
8543-MSDMF,0.5253880752913057,1
1730-ZMAME,0.5253585509731477,1
9026-LHEVG,0.5250992948426324,1
1194-HVAIF,0.5244559353759201,1
6158-HDPXZ,0.5241019802521244,1
6242-MBHPK,0.5240958524708346,1
3932-CMDTD,0.5240777501152174,1
4351-QLCSU,0.5240275113697571,1
7924-GJZFI,0.5240200875452878,1
7422-WNBTY,0.5238121382281018,1
2832-KJCRD,0.5235770631088816,1
5307-DZCVC,0.5235315626041634,1
2626-URJFX,0.5229900890953287,1
7508-SMHXL,0.5228979837609687,1
2082-CEFLT,0.5227420941632451,1
2603-HVKCG,0.5224903492304559,1
2135-RXIHG,0.5224860638320271,1
8784-CGILN,0.5223192479621567,1
0280-XJGEX,0.5217050690331907,1
3518-PZXZQ,0.5216238876271523,1
5916-QEWPT,0.5214536013560674,1
3269-ATYWD,0.5214389444475137,1
5980-NOPLP,0.5211232516210573,1
1754-GKYPY,0.5210382935043084,1
3130-ICDUP,0.5210365011079842,1
4547-LYTDD,0.5203604308627675,1
0265-EDXBD,0.5203442579732895,1
8844-TONUD,0.5198801388662063,1
6458-CYIDZ,0.5195554059899374,1
5600-KTXFM,0.5192523931972939,1
3536-IQCTX,0.5192045989378692,1
8903-XEBGX,0.5187122130411822,1
9398-MMQTO,0.5186539950710806,1
8189-XRIKE,0.5185508961405294,1
9506-UXUSK,0.5181434236916235,1
4074-SJFFA,0.5180585485870692,1
2962-XPMCQ,0.517993319003552,1
4716-HHKQH,0.5177862709318485,1
9058-CBREO,0.5175576470124494,1
9708-HPXWZ,0.5175018911165562,1
7703-ZEKEF,0.5172076022673008,1
9588-OZDMQ,0.5170077875308823,1
2824-MYYBN,0.5168889892027386,1
5857-TYBCJ,0.5162906512821729,1
4553-DVPZG,0.5161298786332806,1
8364-TRMMK,0.516089974123357,1
0611-DFXKO,0.5157877332426322,1
9490-DFPMD,0.5155774540296238,1
6311-UEUME,0.5154958900299609,1
1084-UQCHV,0.5154167274542245,1
0311-UNPFF,0.5152781744871722,1
5899-OUVKV,0.5152670844737428,1
6390-DSAZX,0.5151439708804041,1
2249-YPRNG,0.5150454032631683,1
7634-WSWDB,0.5148458079447815,1
6518-LGAOV,0.5146241200854909,1
3312-UUMZW,0.5146217084479122,1
8393-DLHGA,0.5144035802160182,1
6481-ESCNL,0.514247165374007,1
2209-XADXF,0.514200770873739,1
7752-XUSCI,0.5137669132093063,1
5122-CYFXA,0.5130503559989106,1
4391-RESHN,0.5130261585138035,1
0581-MDMPW,0.5128664779325938,1
6519-CFDBX,0.5126229342492518,1
6877-LGWXO,0.5125342659520605,1
0921-OHLVP,0.5121645545067407,1
0093-EXYQL,0.5117286488200536,1
3365-SAIGS,0.5115487404376302,1
1777-JYQPJ,0.5114899713331647,1
0654-HMSHN,0.5113036588550324,1
4289-DTDKW,0.5112838430706994,1
3995-WFCSM,0.5112147506606333,1
0112-QAWRZ,0.5109455567414092,1
5233-AOZUF,0.5108640168505804,1
8565-CLBZW,0.5107824251140416,1
7339-POGZN,0.5107434074386529,1
6366-ZGQGL,0.5105792193853116,1
0362-ZBZWJ,0.5105570689992356,1
7278-CKDNC,0.5105277184550345,1
2362-IBOOY,0.5103828497106416,1
9692-TUSXH,0.5102774457610234,1
9889-TMAHG,0.5102098011339556,1
6377-WHAOX,0.510019537889666,1
7470-MCQTK,0.509908106426118,1
7270-BDIOA,0.5098985392688254,1
4503-BDXBD,0.5097809785271076,1
8059-UDZFY,0.5097768459532335,1
8993-IZEUX,0.5092899151460367,1
9560-ARGQJ,0.5088753288243117,1
8720-RQSBJ,0.5088209471156666,1
7587-RZNME,0.508785608971087,1
9658-WYUFB,0.5084147188243552,1
0620-DLSLK,0.5081192856194362,1
8058-DMYRU,0.5080834615414552,1
8854-CCVSQ,0.5080714217886856,1
8066-POXGX,0.5079279072586094,1
5035-BVCXS,0.5079251595606629,1
1918-ZBFQJ,0.5076951166458662,1
0869-PAPRP,0.507598767233167,1
3002-WQZWT,0.5073198188110957,1
6629-CZTTH,0.5072585603500265,1
6464-KEXXH,0.5071981212074944,1
0447-RXSGD,0.5071619429323306,1
9763-PDTKK,0.5067858800439551,1
9518-XXBXE,0.5067169966364724,1
9492-TOKRI,0.5066277650833219,1
3806-DXQOM,0.5063692265077047,1
0434-CSFON,0.5060517216350544,1
1436-ZMJAN,0.5058371496358643,1
3587-PMCOY,0.5054499954987393,1
5515-AKOAJ,0.5052982070081367,1
3703-VAVCL,0.5052861916767141,1
8800-ZKRFW,0.505213887498157,1
6719-OXYBR,0.5049523493238449,1
5989-PGKJB,0.5048466507916164,1
0224-HJAPT,0.5045415530107316,1
9866-QEVEE,0.5038666465906358,1
9167-APMXZ,0.5035726732555503,1
7240-FQLHE,0.5033802840564661,1
8080-DDEMJ,0.5031776065030307,1
5895-QSXOD,0.5030194951181824,1
1589-AGTLK,0.5028914811255539,1
3315-TOTBP,0.5027866251398663,1
4706-DGAHW,0.502664513775611,1
9947-OTFQU,0.5024670253500655,1
2070-XYMFH,0.5020029473327757,1
3798-EPWRR,0.5017871762511683,1
3956-MGXOG,0.5016969597249837,1
1976-CFOCS,0.5015062165683951,1
9971-ZWPBF,0.501357985716053,1
2692-BUCFV,0.500848305975436,1
2378-VTKDH,0.500685108038744,1
7159-FVYPK,0.5006366221176553,1
5649-RXQTV,0.5002530512148033,1
